error_title,Error
loading,Cargando...
error,Error: {}
approve,De acuerdo
error_no_image,Sin imágen
feed__pages__home__roomlabel,Habitación: {}
post__pages__post__no_comments,Sin comentarios aún.
post__mixins__iconpicker__title,Elija el icono
post__widgets__filecomponent__button__close,cerca
post__widgets__filedisplay__decrypting,El archivo se está descifrando...
post__widgets__filedisplay__video_desktop_error,"Los vídeos no se pueden mostrar en Linux, Windows ni MacOS. ¡Considere contribuir en Github, si desea ver esta función!"
post__widgets__reaction__unknown_sender,desconocido
post__widgets__reaction__sent_by,Enviado por {}
post__widgets__videoplayercontrol__play,jugar
post__widgets__videoplayercontrol__caption_offset,compensación de subtítulos
post__widgets__videoplayercontrol__playback_speed,velocidad de reproducción
settings__followfeeds__filter_server_header,Elija un servidor de la lista o agregue uno nuevo:
settings__followfeeds__filter_rooms_header,Busca una sala para seguir o dejar de seguir:
settings__followfeeds__roomname_placeholder,Introduzca un nombre de habitación
settings__followfeeds__buttons__add_server,Agregar servidor
settings__menu__logged_in_as,Conectado como {}
settings__menu__logout,Cerrar sesión
settings__menu__login,Acceso
settings__menu__home_site_label,Hogar
settings__menu__feeds_site_label,Feeds/Habitaciones
settings__room__desc,Nombre de la habitación: {}
settings__room__leave,Dejar la habitación
settings__room__join,Ingrese a la habitación y agréguela a la sustitución.
settings__dialog__delete__title,Dejar la habitación {}
settings__dialog__delete__desc,¿Estás seguro de que quieres dejar la habitación {}?
settings__dialog__delete__button__submit,"Si, déjalo"
settings__dialog__delete__button__cancel,"No, cancelar"
settings__dialog__add__title,Agregar un nuevo servidor
settings__dialog__add__input_placeholder,Introduzca la dirección del servidor
settings__dialog__add__button__submit,Agregar
settings__dialog__add__snackbar__success,Se ha agregado el servidor
settings__dialog__add__snackbar__error_homeserver,El servidor doméstico ingresado no es válido
intro__isLoggedIn,"Genial, ya has iniciado sesión. \nPuedes continuar con los siguientes pasos"
intro__isNotLoggedIn,Por favor inicia sesión primero
intro__buttons__next,Próximo
intro__buttons__back,Atrás
intro__welcome__title,Bienvenido a la sustitución
intro__welcome__desc,... la nueva red social encima del protocolo matricial
intro__account__title,Cuentas matriciales
intro__account__desc,"Debe iniciar sesión en una cuenta de matriz en un servidor arbitrario para poder utilizar esta aplicación. Si no sabe cómo conseguir uno, visite este sitio: https://matrix.org/"
intro__host__title,Elige un anfitrión
intro__login__title,Acceso
intro__finished__title,vamos
intro__finished__desc,"Genial, has iniciado sesión. Estamos listos para sustituir. Ahora puedes elegir si quieres unirte o no a la sala de bienvenida de sustitución. ¡Vamos y divirtámonos!"
intro__finished__buttons__add_to_room_and_go,Únete a la Sala de Sustitución & ¡ir!
intro__finished__buttons__go,¡Solo vamos!
auth__host__header,Conéctese a su servidor doméstico
auth__host__body,Elija un servidor doméstico Matrix. Luego puede optar por iniciar sesión o explorar las salas públicas disponibles.
auth__host__inputs__homeserver_label,Dirección de su servidor doméstico
auth__host__buttons__login_label,Acceso
auth__login__loading,Iniciando sesión...
auth__login__header,Acceso
auth__login__body,Por favor inicie sesión con sus credenciales.
auth__login__inputs__username_label,Nombre de usuario
auth__login__inputs__password_label,Contraseña
auth__login__buttons__login_label,Acceso
write__answer,Respuesta
write__roomheader,Habitación: {}
write__filemessage__upload_files,Agregar nuevos archivos para cargar
write__filemessage__title_header,Título:
write__roomselect__type_prompt,Elige el tipo de mensaje que te gusta publicar
write__roomselect__room_prompt,Elige la sala en la que te gusta publicar:
write__roomselect__error_no_rooms,No te has unido a ninguna sala o no tienes derechos para publicar.
write__textmessage__answer_promt,Ingrese su texto:
write__textmessage__input_placeholder,Escriba su texto aquí...
