error_title,Erreur
loading,Chargement...
error,Erreur: {}
approve,D'accord
error_no_image,Pas d'image
feed__pages__home__roomlabel,Chambre: {}
post__pages__post__no_comments,Aucun commentaire pour l'instant.
post__mixins__iconpicker__title,Choisir l'icône
post__widgets__filecomponent__button__close,fermer
post__widgets__filedisplay__decrypting,Le fichier est en cours de décryptage...
post__widgets__filedisplay__video_desktop_error,"Les vidéos ne peuvent pas être affichées sous Linux, Windows ni MacOS. Pensez à contribuer sur Github, si vous aimez voir cette fonctionnalité !"
post__widgets__reaction__unknown_sender,inconnu
post__widgets__reaction__sent_by,Envoyée par {}
post__widgets__videoplayercontrol__play,jouer
post__widgets__videoplayercontrol__caption_offset,décalage de légende
post__widgets__videoplayercontrol__playback_speed,vitesse de lecture
settings__followfeeds__filter_server_header,Choisissez un serveur dans la liste ou ajoutez-en un nouveau:
settings__followfeeds__filter_rooms_header,Recherchez une salle à suivre ou à ne plus suivre:
settings__followfeeds__roomname_placeholder,Entrez un nom de salle
settings__followfeeds__buttons__add_server,Ajouter un serveur
settings__menu__logged_in_as,Connecté en tant que {}
settings__menu__logout,Se déconnecter
settings__menu__login,Se connecter
settings__menu__home_site_label,Maison
settings__menu__feeds_site_label,Flux/salles
settings__room__desc,Nom de la salle: {}
settings__room__leave,Quitter la pièce
settings__room__join,Entrez dans la pièce et ajoutez-la à la substitution
settings__dialog__delete__title,Quitter la pièce {}
settings__dialog__delete__desc,Etes-vous sûr de vouloir quitter la salle {} ?
settings__dialog__delete__button__submit,"Oui, laisse tomber"
settings__dialog__delete__button__cancel,"Non, annule"
settings__dialog__add__title,Ajouter un nouveau serveur
settings__dialog__add__input_placeholder,Entrez l'adresse du serveur
settings__dialog__add__button__submit,Ajouter
settings__dialog__add__snackbar__success,Le serveur a été ajouté
settings__dialog__add__snackbar__error_homeserver,Le serveur domestique saisi n'est pas valide
intro__isLoggedIn,"Génial, vous êtes déjà connecté. \nVous pouvez passer aux étapes suivantes"
intro__isNotLoggedIn,Veuillez vous connecter avant
intro__buttons__next,Suivant
intro__buttons__back,Dos
intro__welcome__title,Bienvenue dans la substitution
intro__welcome__desc,... le nouveau réseau social au dessus du protocole matriciel
intro__account__title,Comptes matriciels
intro__account__desc,"Vous devez être connecté à un compte matriciel sur un serveur arbitraire pour pouvoir utiliser cette application. Si vous ne savez pas comment vous en procurer un, allez visiter ce site: https://matrix.org/"
intro__host__title,Choisissez un hébergeur
intro__login__title,Se connecter
intro__finished__title,Allons-y
intro__finished__desc,"Génial, vous êtes connecté. Nous sommes prêts à remplacer. Vous pouvez désormais choisir si vous souhaitez ou non rejoindre la salle d'accueil de substitution. Allons-y et amusons-nous !"
intro__finished__buttons__add_to_room_and_go,Rejoignez la salle de substitution et l'amp; aller!
intro__finished__buttons__go,Juste aller!
auth__host__header,Connectez-vous à votre serveur domestique
auth__host__body,Veuillez choisir un serveur domestique Matrix. Vous pouvez ensuite choisir de vous connecter ou de parcourir les salles publiques disponibles.
auth__host__inputs__homeserver_label,Adresse de votre serveur domestique
auth__host__buttons__login_label,Se connecter
auth__login__loading,Vous connecter...
auth__login__header,Se connecter
auth__login__body,Veuillez vous connecter avec vos identifiants.
auth__login__inputs__username_label,Nom d'utilisateur
auth__login__inputs__password_label,Mot de passe
auth__login__buttons__login_label,Se connecter
write__answer,Répondre
write__roomheader,Chambre: {}
write__filemessage__upload_files,Ajouter de nouveaux fichiers à télécharger
write__filemessage__title_header,Titre:
write__roomselect__type_prompt,Choisissez le type de message que vous souhaitez publier
write__roomselect__room_prompt,Choisissez le salon dans lequel vous souhaitez poster:
write__roomselect__error_no_rooms,Vous n'avez rejoint aucune salle ou vous n'avez pas le droit de publier.
write__textmessage__answer_promt,Entrez votre texte:
write__textmessage__input_placeholder,Entrez votre texte ici...
