error_title,Kesalahan
loading,Memuat...
error,Kesalahan: {}
approve,Oke
error_no_image,Tidak ada gambar
feed__pages__home__roomlabel,Ruang: {}
post__pages__post__no_comments,Belum ada komentar.
post__mixins__iconpicker__title,Pilih ikon
post__widgets__filecomponent__button__close,menutup
post__widgets__filedisplay__decrypting,File sedang didekripsi...
post__widgets__filedisplay__video_desktop_error,"Video tidak dapat ditampilkan di Linux, Windows, atau MacOS. Pertimbangkan untuk berkontribusi di Github, jika Anda ingin melihat fitur ini!"
post__widgets__reaction__unknown_sender,tidak dikenal
post__widgets__reaction__sent_by,Dikirim oleh {}
post__widgets__videoplayercontrol__play,bermain
post__widgets__videoplayercontrol__caption_offset,teks diimbangi
post__widgets__videoplayercontrol__playback_speed,kecepatan pemutaran
settings__followfeeds__filter_server_header,Pilih server dari daftar atau tambahkan yang baru:
settings__followfeeds__filter_rooms_header,Telusuri ruang untuk diikuti atau berhenti diikuti:
settings__followfeeds__roomname_placeholder,Masukkan nama ruangan
settings__followfeeds__buttons__add_server,Tambahkan server
settings__menu__logged_in_as,Masuk sebagai {}
settings__menu__logout,Keluar
settings__menu__login,Gabung
settings__menu__home_site_label,Rumah
settings__menu__feeds_site_label,Umpan/Ruang
settings__room__desc,Nama ruangan: {}
settings__room__leave,Tinggalkan ruangan
settings__room__join,Masuk ke ruangan dan tambahkan ke substitusi
settings__dialog__delete__title,Tinggalkan ruangan {}
settings__dialog__delete__desc,Apakah Anda yakin ingin meninggalkan ruangan {}?
settings__dialog__delete__button__submit,"Ya, tinggalkan saja"
settings__dialog__delete__button__cancel,"Tidak, batalkan"
settings__dialog__add__title,Tambahkan Server baru
settings__dialog__add__input_placeholder,Masukkan alamat server
settings__dialog__add__button__submit,Menambahkan
settings__dialog__add__snackbar__success,Server telah ditambahkan
settings__dialog__add__snackbar__error_homeserver,Homeserver yang dimasukkan tidak valid
intro__isLoggedIn,"Luar biasa, Anda sudah masuk. \nAnda dapat melanjutkan ke Langkah berikutnya"
intro__isNotLoggedIn,Silakan login terlebih dahulu
intro__buttons__next,Berikutnya
intro__buttons__back,Kembali
intro__welcome__title,Selamat datang di substitusi
intro__welcome__desc,... jejaring sosial baru di atas protokol matriks
intro__account__title,Akun Matriks
intro__account__desc,"Anda harus masuk ke akun matriks di server arbitrer untuk dapat menggunakan aplikasi ini. Jika Anda tidak tahu cara mendapatkannya, kunjungi situs ini: https://matrix.org/"
intro__host__title,Pilih tuan rumah
intro__login__title,Gabung
intro__finished__title,Ayo pergi
intro__finished__desc,"Luar biasa, Anda sudah login. Kami siap menggantikannya. Anda sekarang dapat memilih apakah Anda ingin bergabung dengan ruang selamat datang pergantian pemain atau tidak. Ayo pergi dan bersenang-senang!"
intro__finished__buttons__add_to_room_and_go,Bergabunglah dengan Ruang Pergantian & pergi!
intro__finished__buttons__go,Pergi saja!
auth__host__header,Hubungkan ke Server Rumah Anda
auth__host__body,Silakan pilih Matrix Homeserver. Anda kemudian dapat memilih untuk masuk atau menelusuri ruang umum yang tersedia.
auth__host__inputs__homeserver_label,Alamat Homeserver Anda
auth__host__buttons__login_label,Gabung
auth__login__loading,Memasukkan Anda...
auth__login__header,Gabung
auth__login__body,Silakan login dengan kredensial Anda.
auth__login__inputs__username_label,Nama belakang
auth__login__inputs__password_label,Kata sandi
auth__login__buttons__login_label,Gabung
write__answer,Menjawab
write__roomheader,Ruang: {}
write__filemessage__upload_files,Tambahkan file baru untuk diunggah
write__filemessage__title_header,Judul:
write__roomselect__type_prompt,Pilih jenis pesan yang ingin Anda posting
write__roomselect__room_prompt,Pilih ruangan tempat Anda ingin memposting:
write__roomselect__error_no_rooms,Anda belum bergabung dengan ruangan mana pun atau Anda tidak mempunyai hak untuk memposting.
write__textmessage__answer_promt,Masukkan Teks Anda:
write__textmessage__input_placeholder,Masukkan teks Anda di sini...
