error_title,Erro
loading,Carregando...
error,Erro: {}
approve,OK
error_no_image,Sem imagem
feed__pages__home__roomlabel,Sala: {}
post__pages__post__no_comments,Nenhum comentário ainda.
post__mixins__iconpicker__title,Escolha o ícone
post__widgets__filecomponent__button__close,fechar
post__widgets__filedisplay__decrypting,O arquivo está sendo descriptografado...
post__widgets__filedisplay__video_desktop_error,"Os vídeos não podem ser exibidos em Linux, Windows ou MacOS. Considere contribuir no Github, se quiser ver esse recurso!"
post__widgets__reaction__unknown_sender,desconhecido
post__widgets__reaction__sent_by,Enviado por {}
post__widgets__videoplayercontrol__play,jogar
post__widgets__videoplayercontrol__caption_offset,deslocamento de legenda
post__widgets__videoplayercontrol__playback_speed,velocidade de reprodução
settings__followfeeds__filter_server_header,Escolha um servidor da lista ou adicione um novo:
settings__followfeeds__filter_rooms_header,Pesquise uma sala para seguir ou deixar de seguir:
settings__followfeeds__roomname_placeholder,Digite um nome de quarto
settings__followfeeds__buttons__add_server,Adicionar servidor
settings__menu__logged_in_as,Logado como {}
settings__menu__logout,Sair
settings__menu__login,Conecte-se
settings__menu__home_site_label,Lar
settings__menu__feeds_site_label,Feeds/Salas
settings__room__desc,Nome da sala: {}
settings__room__leave,Sair do quarto
settings__room__join,Entre na sala e adicione-a à substituição
settings__dialog__delete__title,Sair da sala {}
settings__dialog__delete__desc,Tem certeza de que deseja sair da sala {}?
settings__dialog__delete__button__submit,"Sim, deixe"
settings__dialog__delete__button__cancel,"Não, cancelar"
settings__dialog__add__title,Adicionar um novo servidor
settings__dialog__add__input_placeholder,Digite o endereço do servidor
settings__dialog__add__button__submit,Adicionar
settings__dialog__add__snackbar__success,O servidor foi adicionado
settings__dialog__add__snackbar__error_homeserver,Homeserver inserido não é válido
intro__isLoggedIn,"Incrível, você já está logado. \nVocê pode continuar com as próximas etapas"
intro__isNotLoggedIn,Por favor faça login no Forst
intro__buttons__next,Próximo
intro__buttons__back,Voltar
intro__welcome__title,Bem-vindo à substituição
intro__welcome__desc,... a nova rede social em cima do protocolo matricial
intro__account__title,Contas matriciais
intro__account__desc,"Você precisa estar logado em uma conta Matrix em um servidor arbitrário para poder usar este aplicativo. Se você não sabe como conseguir um, visite este site: https://matrix.org/"
intro__host__title,Escolha um anfitrião
intro__login__title,Conecte-se
intro__finished__title,Vamos
intro__finished__desc,"Incrível, você está logado. Estamos prontos para substituir. Agora você pode escolher se deseja ou não ingressar na sala de boas-vindas de substituição. Vamos lá e divirta-se!"
intro__finished__buttons__add_to_room_and_go,Junte-se ao Substitution-Room & ir!
intro__finished__buttons__go,Apenas vá!
auth__host__header,Conecte-se ao seu servidor doméstico
auth__host__body,Escolha um Matrix Homeserver. Você pode então optar por fazer login ou navegar pelas salas públicas disponíveis.
auth__host__inputs__homeserver_label,Endereço do seu Homeserver
auth__host__buttons__login_label,Conecte-se
auth__login__loading,Fazendo login...
auth__login__header,Conecte-se
auth__login__body,Faça login com suas credenciais.
auth__login__inputs__username_label,Nome de usuário
auth__login__inputs__password_label,Senha
auth__login__buttons__login_label,Conecte-se
write__answer,Responder
write__roomheader,Sala: {}
write__filemessage__upload_files,Adicione novos arquivos para upload
write__filemessage__title_header,Título:
write__roomselect__type_prompt,Escolha o tipo de mensagem que você gostaria de postar
write__roomselect__room_prompt,Escolha a sala em que deseja postar:
write__roomselect__error_no_rooms,Você não entrou em nenhuma sala ou não tem direitos para postar.
write__textmessage__answer_promt,Digite seu texto:
write__textmessage__input_placeholder,Digite seu texto aqui...
