error_title,エラー
loading,読み込み中...
error,エラー： {}
approve,わかりました
error_no_image,画像無し
feed__pages__home__roomlabel,部屋： {}
post__pages__post__no_comments,コメントはまだありません。
post__mixins__iconpicker__title,アイコンを選択
post__widgets__filecomponent__button__close,近い
post__widgets__filedisplay__decrypting,ファイルを復号化しています...
post__widgets__filedisplay__video_desktop_error,ビデオは Linux、Windows、MacOS では表示できません。この機能をご覧になりたい場合は、Github に投稿することを検討してください。
post__widgets__reaction__unknown_sender,未知
post__widgets__reaction__sent_by,{} によって送信されました
post__widgets__videoplayercontrol__play,遊ぶ
post__widgets__videoplayercontrol__caption_offset,キャプションのオフセット
post__widgets__videoplayercontrol__playback_speed,再生速度
settings__followfeeds__filter_server_header,リストからサーバーを選択するか、新しいサーバーを追加します。
settings__followfeeds__filter_rooms_header,ルームを検索してフォローまたはフォロー解除します。
settings__followfeeds__roomname_placeholder,部屋名を入力してください
settings__followfeeds__buttons__add_server,サーバーの追加
settings__menu__logged_in_as,{} としてログインしています
settings__menu__logout,ログアウト
settings__menu__login,ログイン
settings__menu__home_site_label,家
settings__menu__feeds_site_label,フィード/部屋
settings__room__desc,部屋の名前： {}
settings__room__leave,部屋を出る
settings__room__join,ルームに入り、代わりに追加します
settings__dialog__delete__title,部屋を出る {}
settings__dialog__delete__desc,ルーム {} を退出してもよろしいですか?
settings__dialog__delete__button__submit,はい、放っておいてください
settings__dialog__delete__button__cancel,いいえ、キャンセルします
settings__dialog__add__title,新しいサーバーを追加する
settings__dialog__add__input_placeholder,サーバーアドレスを入力してください
settings__dialog__add__button__submit,追加
settings__dialog__add__snackbar__success,サーバーが追加されました
settings__dialog__add__snackbar__error_homeserver,入力されたホームサーバーは無効です
intro__isLoggedIn,すごいですね、すでにログインしていますね。\n 次のステップに進むことができます
intro__isNotLoggedIn,ログインしてください
intro__buttons__next,次
intro__buttons__back,戻る
intro__welcome__title,代替へようこそ
intro__welcome__desc,... マトリックスプロトコルを基盤とした新しいソーシャルネットワーク
intro__account__title,マトリックスアカウント
intro__account__desc,このアプリを使用するには、任意のサーバー上のマトリックス アカウントにログインする必要があります。入手方法がわからない場合は、次のサイトにアクセスしてください: https://matrix.org/
intro__host__title,ホストを選択してください
intro__login__title,ログイン
intro__finished__title,行きましょう
intro__finished__desc,ログインしました。代替品の準備ができております。代理ウェルカム ルームに参加するかどうかを選択できるようになりました。さあ、楽しみましょう!
intro__finished__buttons__add_to_room_and_go,交代室 &に参加する行く！
intro__finished__buttons__go,ただ行く！
auth__host__header,ホームサーバーに接続する
auth__host__body,Matrix ホームサーバーを選択してください。その後、ログインするか、公開されている利用可能なルームを参照するかを選択できます。
auth__host__inputs__homeserver_label,ホームサーバーのアドレス
auth__host__buttons__login_label,ログイン
auth__login__loading,ログインしています...
auth__login__header,ログイン
auth__login__body,資格情報を使用してログインしてください。
auth__login__inputs__username_label,ユーザー名
auth__login__inputs__password_label,パスワード
auth__login__buttons__login_label,ログイン
write__answer,答え
write__roomheader,部屋： {}
write__filemessage__upload_files,アップロードする新しいファイルを追加する
write__filemessage__title_header,タイトル:
write__roomselect__type_prompt,投稿するメッセージの種類を選択してください
write__roomselect__room_prompt,投稿したい部屋を選択してください:
write__roomselect__error_no_rooms,どのルームにも参加していないか、投稿する権限がありません。
write__textmessage__answer_promt,テキストを入力してください:
write__textmessage__input_placeholder,ここにテキストを入力してください...
