error_title,ข้อผิดพลาด
loading,กำลังโหลด...
error,ข้อผิดพลาด: {}
approve,ตกลง
error_no_image,ไม่มีรูป
feed__pages__home__roomlabel,ห้อง: {}
post__pages__post__no_comments,ยังไม่มีความคิดเห้น.
post__mixins__iconpicker__title,เลือกไอคอน
post__widgets__filecomponent__button__close,ปิด
post__widgets__filedisplay__decrypting,ไฟล์กำลังถูกถอดรหัส...
post__widgets__filedisplay__video_desktop_error,"วิดีโอไม่สามารถแสดงบน Linux, Windows หรือ MacOS พิจารณามีส่วนร่วมกับ Github หากคุณต้องการเห็นฟีเจอร์นี้!"
post__widgets__reaction__unknown_sender,ไม่ทราบ
post__widgets__reaction__sent_by,ส่งโดย {}
post__widgets__videoplayercontrol__play,เล่น
post__widgets__videoplayercontrol__caption_offset,คำบรรยายภาพชดเชย
post__widgets__videoplayercontrol__playback_speed,ความเร็วในการเล่น
settings__followfeeds__filter_server_header,เลือกเซิร์ฟเวอร์จากรายการหรือเพิ่มเซิร์ฟเวอร์ใหม่:
settings__followfeeds__filter_rooms_header,ค้นหาห้องที่จะติดตามหรือเลิกติดตาม:
settings__followfeeds__roomname_placeholder,ป้อนชื่อห้อง
settings__followfeeds__buttons__add_server,เพิ่มเซิร์ฟเวอร์
settings__menu__logged_in_as,เข้าสู่ระบบด้วย {}
settings__menu__logout,ออกจากระบบ
settings__menu__login,เข้าสู่ระบบ
settings__menu__home_site_label,บ้าน
settings__menu__feeds_site_label,ฟีด/ห้อง
settings__room__desc,ชื่อห้อง: {}
settings__room__leave,ออกจากห้อง
settings__room__join,เข้าห้องและเพิ่มเข้าไปทดแทน
settings__dialog__delete__title,ออกจากห้อง {}
settings__dialog__delete__desc,คุณแน่ใจหรือไม่ว่าต้องการออกจากห้อง {}?
settings__dialog__delete__button__submit,ใช่ ทิ้งมันไป
settings__dialog__delete__button__cancel,ไม่ ยกเลิก
settings__dialog__add__title,เพิ่มเซิร์ฟเวอร์ใหม่
settings__dialog__add__input_placeholder,ป้อนที่อยู่เซิร์ฟเวอร์
settings__dialog__add__button__submit,เพิ่ม
settings__dialog__add__snackbar__success,เพิ่มเซิร์ฟเวอร์แล้ว
settings__dialog__add__snackbar__error_homeserver,โฮมเซิร์ฟเวอร์ที่ป้อนไม่ถูกต้อง
intro__isLoggedIn,เยี่ยมมาก คุณเข้าสู่ระบบแล้ว \nคุณสามารถดำเนินการขั้นตอนต่อไปได้
intro__isNotLoggedIn,กรุณาเข้าสู่ระบบก่อน
intro__buttons__next,ต่อไป
intro__buttons__back,กลับ
intro__welcome__title,ยินดีต้อนรับสู่การทดแทน
intro__welcome__desc,... เครือข่ายโซเชียลใหม่ที่อยู่ด้านบนของโปรโตคอลเมทริกซ์
intro__account__title,บัญชีเมทริกซ์
intro__account__desc,คุณต้องลงชื่อเข้าใช้บัญชีเมทริกซ์บนเซิร์ฟเวอร์ที่กำหนดเองจึงจะสามารถใช้แอพนี้ได้ หากคุณไม่รู้ว่าจะหาได้อย่างไร ให้ไปเยี่ยมชมเว็บไซต์นี้: https://matrix.org/
intro__host__title,เลือกโฮสต์
intro__login__title,เข้าสู่ระบบ
intro__finished__title,ไปกันเลย
intro__finished__desc,เยี่ยมมาก คุณได้เข้าสู่ระบบแล้ว เราพร้อมที่จะทดแทน ตอนนี้คุณสามารถเลือกได้ว่าต้องการเข้าร่วมห้องต้อนรับของเขตทดแทนหรือไม่ ไปสนุกกันเถอะ!
intro__finished__buttons__add_to_room_and_go,เข้าร่วมห้องทดแทน & ไป!
intro__finished__buttons__go,เพียงแค่ไป!
auth__host__header,เชื่อมต่อกับโฮมเซิร์ฟเวอร์ของคุณ
auth__host__body,โปรดเลือกเมทริกซ์โฮมเซิร์ฟเวอร์ จากนั้นคุณสามารถเลือกเข้าสู่ระบบหรือเรียกดูห้องสาธารณะที่มีอยู่ได้
auth__host__inputs__homeserver_label,ที่อยู่ของโฮมเซิร์ฟเวอร์ของคุณ
auth__host__buttons__login_label,เข้าสู่ระบบ
auth__login__loading,กำลังเข้าสู่ระบบ...
auth__login__header,เข้าสู่ระบบ
auth__login__body,กรุณาเข้าสู่ระบบด้วยข้อมูลประจำตัวของคุณ
auth__login__inputs__username_label,ชื่อผู้ใช้
auth__login__inputs__password_label,รหัสผ่าน
auth__login__buttons__login_label,เข้าสู่ระบบ
write__answer,คำตอบ
write__roomheader,ห้อง: {}
write__filemessage__upload_files,เพิ่มไฟล์ใหม่สำหรับการอัปโหลด
write__filemessage__title_header,ชื่อเรื่อง:
write__roomselect__type_prompt,เลือกประเภทข้อความที่คุณต้องการโพสต์
write__roomselect__room_prompt,เลือกห้องที่ต้องการโพสต์:
write__roomselect__error_no_rooms,คุณยังไม่ได้เข้าร่วมห้องใดๆ หรือคุณไม่มีสิทธิ์โพสต์
write__textmessage__answer_promt,กรอกข้อความของคุณ:
write__textmessage__input_placeholder,กรอกข้อความของคุณที่นี่...
