error_title,오류
loading,로드 중...
error,오류: {}
approve,좋아요
error_no_image,이미지 없음
feed__pages__home__roomlabel,방: {}
post__pages__post__no_comments,아직 댓글이 없습니다.
post__mixins__iconpicker__title,아이콘 선택
post__widgets__filecomponent__button__close,닫다
post__widgets__filedisplay__decrypting,파일을 해독하는 중입니다...
post__widgets__filedisplay__video_desktop_error,"Linux, Windows, MacOS에서는 동영상을 표시할 수 없습니다. 이 기능을 보고 싶다면 Github에 기여해 보세요!"
post__widgets__reaction__unknown_sender,알려지지 않은
post__widgets__reaction__sent_by,에 의해 전송 {}
post__widgets__videoplayercontrol__play,놀다
post__widgets__videoplayercontrol__caption_offset,캡션 오프셋
post__widgets__videoplayercontrol__playback_speed,재생 속도
settings__followfeeds__filter_server_header,목록에서 서버를 선택하거나 새 서버를 추가하세요.
settings__followfeeds__filter_rooms_header,팔로우하거나 팔로우 취소할 방을 검색하세요.
settings__followfeeds__roomname_placeholder,방 이름을 입력하세요
settings__followfeeds__buttons__add_server,서버 추가
settings__menu__logged_in_as,{}로 로그인됨
settings__menu__logout,로그 아웃
settings__menu__login,로그인
settings__menu__home_site_label,집
settings__menu__feeds_site_label,피드/방
settings__room__desc,방 이름: {}
settings__room__leave,방에서 나가기
settings__room__join,방에 들어가서 대체 항목에 추가하세요.
settings__dialog__delete__title,방에서 나가기 {}
settings__dialog__delete__desc,"정말로, {} 방에서 나가시겠습니까?"
settings__dialog__delete__button__submit,"응, 놔둬"
settings__dialog__delete__button__cancel,"아니요, 취소합니다."
settings__dialog__add__title,새 서버 추가
settings__dialog__add__input_placeholder,서버 주소를 입력하세요
settings__dialog__add__button__submit,추가하다
settings__dialog__add__snackbar__success,서버가 추가되었습니다
settings__dialog__add__snackbar__error_homeserver,입력한 홈서버가 유효하지 않습니다.
intro__isLoggedIn,좋습니다. 이미 로그인되어 있습니다. \n다음 단계를 계속할 수 있습니다.
intro__isNotLoggedIn,먼저 로그인해주세요
intro__buttons__next,다음
intro__buttons__back,뒤쪽에
intro__welcome__title,대체에 오신 것을 환영합니다
intro__welcome__desc,... 매트릭스 프로토콜 위에 새로운 소셜 네트워크
intro__account__title,매트릭스 계정
intro__account__desc,이 앱을 사용하려면 임의의 서버에서 매트릭스 계정에 로그인해야 합니다. 얻는 방법을 모르신다면 https://matrix.org/ 사이트를 방문해 보세요.
intro__host__title,호스트를 선택하세요
intro__login__title,로그인
intro__finished__title,가자
intro__finished__desc,훌륭합니다. 로그인되었습니다. 우리는 대체할 준비가 되어 있습니다. 이제 대체 환영룸에 참여할지 여부를 선택할 수 있습니다. 가서 재미있게 보내세요!
intro__finished__buttons__add_to_room_and_go,교체-룸 & 가다!
intro__finished__buttons__go,바로 가기!
auth__host__header,홈서버에 연결
auth__host__body,Matrix 홈서버를 선택하세요. 그런 다음 로그인하거나 공개적으로 사용 가능한 회의실을 찾아볼 수 있습니다.
auth__host__inputs__homeserver_label,홈서버의 주소
auth__host__buttons__login_label,로그인
auth__login__loading,로그인 중...
auth__login__header,로그인
auth__login__body,귀하의 자격 증명으로 로그인하십시오.
auth__login__inputs__username_label,사용자 이름
auth__login__inputs__password_label,비밀번호
auth__login__buttons__login_label,로그인
write__answer,답변
write__roomheader,방: {}
write__filemessage__upload_files,업로드할 새 파일 추가
write__filemessage__title_header,제목:
write__roomselect__type_prompt,게시하고 싶은 메시지 유형을 선택하세요.
write__roomselect__room_prompt,게시하고 싶은 방을 선택하세요:
write__roomselect__error_no_rooms,채팅방에 참여하지 않았거나 게시할 권한이 없습니다.
write__textmessage__answer_promt,텍스트를 입력하세요:
write__textmessage__input_placeholder,여기에 텍스트를 입력하세요...
