error_title,Errore
loading,Caricamento...
error,Errore: {}
approve,OK
error_no_image,Nessuna immagine
feed__pages__home__roomlabel,Camera: {}
post__pages__post__no_comments,Ancora nessun commento.
post__mixins__iconpicker__title,Scegli l'icona
post__widgets__filecomponent__button__close,vicino
post__widgets__filedisplay__decrypting,Il file è in fase di decriptazione...
post__widgets__filedisplay__video_desktop_error,"I video non possono essere visualizzati su Linux, Windows né MacOS. Considera l'idea di contribuire su Github, se ti piace vedere questa funzionalità!"
post__widgets__reaction__unknown_sender,sconosciuto
post__widgets__reaction__sent_by,Inviato da {}
post__widgets__videoplayercontrol__play,giocare
post__widgets__videoplayercontrol__caption_offset,spostamento della didascalia
post__widgets__videoplayercontrol__playback_speed,velocità di riproduzione
settings__followfeeds__filter_server_header,Scegli un server dall'elenco o aggiungine uno nuovo:
settings__followfeeds__filter_rooms_header,Cerca una stanza da seguire o non seguire più:
settings__followfeeds__roomname_placeholder,Inserisci il nome di una stanza
settings__followfeeds__buttons__add_server,Aggiungi server
settings__menu__logged_in_as,Collegato come {}
settings__menu__logout,Disconnettersi
settings__menu__login,Login
settings__menu__home_site_label,Casa
settings__menu__feeds_site_label,Feed/Stanze
settings__room__desc,Nome della stanza: {}
settings__room__leave,Lasciare la stanza
settings__room__join,Entra nella stanza e aggiungila alla sostituzione
settings__dialog__delete__title,Lasciare la stanza {}
settings__dialog__delete__desc,Sei sicuro di voler lasciare la stanza {}?
settings__dialog__delete__button__submit,"Sì, lascialo"
settings__dialog__delete__button__cancel,"No, annulla"
settings__dialog__add__title,Aggiungi un nuovo server
settings__dialog__add__input_placeholder,Inserisci l'indirizzo del server
settings__dialog__add__button__submit,Aggiungere
settings__dialog__add__snackbar__success,Il server è stato aggiunto
settings__dialog__add__snackbar__error_homeserver,Il server home inserito non è valido
intro__isLoggedIn,"Fantastico, sei già loggato. \nPuoi continuare con i passaggi successivi"
intro__isNotLoggedIn,Effettua il login
intro__buttons__next,Prossimo
intro__buttons__back,Indietro
intro__welcome__title,Benvenuto alla sostituzione
intro__welcome__desc,... il nuovo social network basato sul protocollo Matrix
intro__account__title,Conti a matrice
intro__account__desc,"Devi aver effettuato l'accesso a un account Matrix su un server arbitrario per poter utilizzare questa app. Se non sai come ottenerne uno, vai a visitare questo sito: https://matrix.org/"
intro__host__title,Scegli un ospite
intro__login__title,Login
intro__finished__title,Andiamo
intro__finished__desc,"Fantastico, sei stato loggato. Siamo pronti a sostituire. Ora puoi scegliere se vuoi unirti o meno alla sala di benvenuto sostitutiva. Andiamo e divertiamoci!"
intro__finished__buttons__add_to_room_and_go,Unisciti a Substitution-Room & andare!
intro__finished__buttons__go,Vai e basta!
auth__host__header,Connettiti al tuo server domestico
auth__host__body,Scegli un Homeserver Matrix. Puoi quindi scegliere di accedere o di sfogliare le stanze pubbliche disponibili.
auth__host__inputs__homeserver_label,Indirizzo del tuo Homeserver
auth__host__buttons__login_label,Login
auth__login__loading,Ti sto effettuando l'accesso...
auth__login__header,Login
auth__login__body,Effettua il login con le tue credenziali.
auth__login__inputs__username_label,Nome utente
auth__login__inputs__password_label,Parola d'ordine
auth__login__buttons__login_label,Login
write__answer,Risposta
write__roomheader,Camera: {}
write__filemessage__upload_files,Aggiungi nuovi file per il caricamento
write__filemessage__title_header,Titolo:
write__roomselect__type_prompt,Scegli il tipo di messaggio che desideri pubblicare
write__roomselect__room_prompt,Scegli la stanza in cui vuoi postare:
write__roomselect__error_no_rooms,Non sei entrato in nessuna stanza virtuale o non disponi dei diritti per pubblicare.
write__textmessage__answer_promt,Inserisci il tuo testo:
write__textmessage__input_placeholder,Inserisci qui il tuo testo...
